{
  "results": [
    {
      "business_status": "OPERATIONAL",
      "geometry": {
        "location": {
          "lat": -6.921937,
          "lng": 107.617292
        },
        "viewport": {
          "northeast": {
            "lat": -6.920587,
            "lng": 107.618292
          },
          "southwest": {
            "lat": -6.923287,
            "lng": 107.616292
          }
        }
      },
      "icon": "https://maps.gstatic.com/mapfiles/place_api/icons/v1/png_71/trash_bin-71.png",
      "icon_background_color": "#34A853",
      "name": "TPS Cihampelas",
      "opening_hours": {
        "open_now": true
      },
      "place_id": "ChIJc7d8CihampelasBandung",
      "plus_code": {
        "compound_code": "WMH9+45 Cihampelas, Bandung",
        "global_code": "6P5GWMH9+45"
      },
      "rating": 4.2,
      "reference": "ChIJc7d8CihampelasBandung",
      "scope": "GOOGLE",
      "types": [
        "trash_bin",
        "point_of_interest",
        "establishment"
      ],
      "user_ratings_total": 25,
      "vicinity": "Cihampelas, Bandung"
    },
    {
      "business_status": "OPERATIONAL",
      "geometry": {
        "location": {
          "lat": -6.935467,
          "lng": 107.604451
        },
        "viewport": {
          "northeast": {
            "lat": -6.934117,
            "lng": 107.605451
          },
          "southwest": {
            "lat": -6.936817,
            "lng": 107.603451
          }
        }
      },
      "icon": "https://maps.gstatic.com/mapfiles/place_api/icons/v1/png_71/trash_bin-71.png",
      "icon_background_color": "#34A853",
      "name": "TPS Buah Batu",
      "opening_hours": {
        "open_now": true
      },
      "place_id": "ChIJc7d8BuahBatuBandung",
      "plus_code": {
        "compound_code": "WMN9+12 Buah Batu, Bandung",
        "global_code": "6P5GWMN9+12"
      },
      "rating": 4.0,
      "reference": "ChIJc7d8BuahBatuBandung",
      "scope": "GOOGLE",
      "types": [
        "trash_bin",
        "point_of_interest",
        "establishment"
      ],
      "user_ratings_total": 18,
      "vicinity": "Buah Batu, Bandung"
    },
    {
      "business_status": "OPERATIONAL",
      "geometry": {
        "location": {
          "lat": -6.912837,
          "lng": 107.622531
        },
        "viewport": {
          "northeast": {
            "lat": -6.911487,
            "lng": 107.623531
          },
          "southwest": {
            "lat": -6.914187,
            "lng": 107.621531
          }
        }
      },
      "icon": "https://maps.gstatic.com/mapfiles/place_api/icons/v1/png_71/trash_bin-71.png",
      "icon_background_color": "#34A853",
      "name": "TPS Dago",
      "opening_hours": {
        "open_now": true
      },
      "place_id": "ChIJc7d8DagoBandung",
      "plus_code": {
        "compound_code": "WMJ9+67 Dago, Bandung",
        "global_code": "6P5GWMJ9+67"
      },
      "rating": 4.3,
      "reference": "ChIJc7d8DagoBandung",
      "scope": "GOOGLE",
      "types": [
        "trash_bin",
        "point_of_interest",
        "establishment"
      ],
      "user_ratings_total": 20,
      "vicinity": "Dago, Bandung"
    },
    {
      "business_status": "OPERATIONAL",
      "geometry": {
        "location": {
          "lat": -6.899750,
          "lng": 107.602051
        },
        "viewport": {
          "northeast": {
            "lat": -6.898500,
            "lng": 107.603051
          },
          "southwest": {
            "lat": -6.900750,
            "lng": 107.601051
          }
        }
      },
      "icon": "https://maps.gstatic.com/mapfiles/place_api/icons/v1/png_71/trash_bin-71.png",
      "icon_background_color": "#34A853",
      "name": "TPS Cicendo",
      "opening_hours": {
        "open_now": true
      },
      "place_id": "ChIJc7d8CicendoBandung",
      "plus_code": {
        "compound_code": "WMM9+23 Cicendo, Bandung",
        "global_code": "6P5GWMM9+23"
      },
      "rating": 4.5,
      "reference": "ChIJc7d8CicendoBandung",
      "scope": "GOOGLE",
      "types": [
        "trash_bin",
        "point_of_interest",
        "establishment"
      ],
      "user_ratings_total": 30,
      "vicinity": "Cicendo, Bandung"
    },
    {
      "business_status": "OPERATIONAL",
      "geometry": {
        "location": {
          "lat": -6.917500,
          "lng": 107.619450
        },
        "viewport": {
          "northeast": {
            "lat": -6.916250,
            "lng": 107.620450
          },
          "southwest": {
            "lat": -6.918750,
            "lng": 107.618450
          }
        }
      },
      "icon": "https://maps.gstatic.com/mapfiles/place_api/icons/v1/png_71/trash_bin-71.png",
      "icon_background_color": "#34A853",
      "name": "TPS Merdeka",
      "opening_hours": {
        "open_now": false
      },
      "place_id": "ChIJd1b1TPSMerdekaBandung",
      "plus_code": {
        "compound_code": "WMPH+H7 Merdeka, Bandung",
        "global_code": "6P5GWMPH+H7"
      },
      "rating": 4.2,
      "reference": "ChIJd1b1TPSMerdekaBandung",
      "scope": "GOOGLE",
      "types": [
        "trash_bin",
        "point_of_interest",
        "establishment"
      ],
      "user_ratings_total": 45,
      "vicinity": "Merdeka, Bandung"
    },
    {
      "business_status": "OPERATIONAL",
      "geometry": {
        "location": {
          "lat": -6.920000,
          "lng": 107.590000
        },
        "viewport": {
          "northeast": {
            "lat": -6.918750,
            "lng": 107.591000
          },
          "southwest": {
            "lat": -6.921250,
            "lng": 107.589000
          }
        }
      },
      "icon": "https://maps.gstatic.com/mapfiles/place_api/icons/v1/png_71/trash_bin-71.png",
      "icon_background_color": "#34A853",
      "name": "TPS Pasteur",
      "opening_hours": {
        "open_now": true
      },
      "place_id": "ChIJd1b1TPSPasteurBandung",
      "plus_code": {
        "compound_code": "WMJG+97 Pasteur, Bandung",
        "global_code": "6P5GWMJG+97"
      },
      "rating": 4.0,
      "reference": "ChIJd1b1TPSPasteurBandung",
      "scope": "GOOGLE",
      "types": [
        "trash_bin",
        "point_of_interest",
        "establishment"
      ],
      "user_ratings_total": 20,
      "vicinity": "Pasteur, Bandung"
    }
  ]
}